market,as_of,cftc_contract_market_code,cftc_market_code,open_interest_all,mm_long_all,mm_short_all,source_year
GOLD - COMMODITY EXCHANGE INC.,2016-01-05,088691,CMX ,413688,79732,95659,2016
GOLD - COMMODITY EXCHANGE INC.,2016-01-12,088691,CMX ,397565,82908,82816,2016
GOLD - COMMODITY EXCHANGE INC.,2016-01-19,088691,CMX ,408835,84054,83615,2016
GOLD - COMMODITY EXCHANGE INC.,2016-01-26,088691,CMX ,385350,95745,78942,2016
GOLD - COMMODITY EXCHANGE INC.,2016-02-02,088691,CMX ,379185,100566,71530,2016
GOLD - COMMODITY EXCHANGE INC.,2016-02-09,088691,CMX ,410833,121059,60423,2016
GOLD - COMMODITY EXCHANGE INC.,2016-02-16,088691,CMX ,428912,126219,45206,2016
GOLD - COMMODITY EXCHANGE INC.,2016-02-23,088691,CMX ,445290,141373,32276,2016
GOLD - COMMODITY EXCHANGE INC.,2016-03-01,088691,CMX ,450555,133823,29453,2016
GOLD - COMMODITY EXCHANGE INC.,2016-03-08,088691,CMX ,499110,160317,32890,2016
GOLD - COMMODITY EXCHANGE INC.,2016-03-15,088691,CMX ,493086,159202,29425,2016
GOLD - COMMODITY EXCHANGE INC.,2016-03-22,088691,CMX ,510579,174457,29558,2016
GOLD - COMMODITY EXCHANGE INC.,2016-03-29,088691,CMX ,480461,184135,29930,2016
GOLD - COMMODITY EXCHANGE INC.,2016-04-05,088691,CMX ,474094,186716,33958,2016
GOLD - COMMODITY EXCHANGE INC.,2016-04-12,088691,CMX ,504523,202500,31866,2016
GOLD - COMMODITY EXCHANGE INC.,2016-04-19,088691,CMX ,503331,208661,34554,2016
GOLD - COMMODITY EXCHANGE INC.,2016-04-26,088691,CMX ,497884,206476,34426,2016
GOLD - COMMODITY EXCHANGE INC.,2016-05-03,088691,CMX ,565774,248842,29947,2016
GOLD - COMMODITY EXCHANGE INC.,2016-05-10,088691,CMX ,579777,246782,35591,2016
GOLD - COMMODITY EXCHANGE INC.,2016-05-17,088691,CMX ,595077,247059,34618,2016
GOLD - COMMODITY EXCHANGE INC.,2016-05-24,088691,CMX ,542958,205180,48719,2016
GOLD - COMMODITY EXCHANGE INC.,2016-05-31,088691,CMX ,494321,192160,43549,2016
GOLD - COMMODITY EXCHANGE INC.,2016-06-07,088691,CMX ,496330,212061,34695,2016
GOLD - COMMODITY EXCHANGE INC.,2016-06-14,088691,CMX ,545357,257500,28260,2016
GOLD - COMMODITY EXCHANGE INC.,2016-06-21,088691,CMX ,571517,274936,24528,2016
GOLD - COMMODITY EXCHANGE INC.,2016-06-28,088691,CMX ,613792,285895,24845,2016
GOLD - COMMODITY EXCHANGE INC.,2016-07-05,088691,CMX ,652971,300070,26994,2016
GOLD - COMMODITY EXCHANGE INC.,2016-07-12,088691,CMX ,633020,296106,36977,2016
GOLD - COMMODITY EXCHANGE INC.,2016-07-19,088691,CMX ,617069,287317,34920,2016
GOLD - COMMODITY EXCHANGE INC.,2016-07-26,088691,CMX ,576325,278777,31356,2016
GOLD - COMMODITY EXCHANGE INC.,2016-08-02,088691,CMX ,582211,288542,33813,2016
GOLD - COMMODITY EXCHANGE INC.,2016-08-09,088691,CMX ,575399,281496,36244,2016
GOLD - COMMODITY EXCHANGE INC.,2016-08-16,088691,CMX ,572496,277152,34425,2016
GOLD - COMMODITY EXCHANGE INC.,2016-08-23,088691,CMX ,572973,284550,30866,2016
GOLD - COMMODITY EXCHANGE INC.,2016-08-30,088691,CMX ,558398,266680,35086,2016
GOLD - COMMODITY EXCHANGE INC.,2016-09-06,088691,CMX ,590656,291692,22157,2016
GOLD - COMMODITY EXCHANGE INC.,2016-09-13,088691,CMX ,575002,271631,28654,2016
GOLD - COMMODITY EXCHANGE INC.,2016-09-20,088691,CMX ,558791,246119,32972,2016
GOLD - COMMODITY EXCHANGE INC.,2016-09-27,088691,CMX ,583161,282151,26974,2016
GOLD - COMMODITY EXCHANGE INC.,2016-10-04,088691,CMX ,544824,244765,44649,2016
GOLD - COMMODITY EXCHANGE INC.,2016-10-11,088691,CMX ,500328,203033,54240,2016
GOLD - COMMODITY EXCHANGE INC.,2016-10-18,088691,CMX ,497061,190008,59054,2016
GOLD - COMMODITY EXCHANGE INC.,2016-10-25,088691,CMX ,507617,199094,55184,2016
GOLD - COMMODITY EXCHANGE INC.,2016-11-01,088691,CMX ,521506,203670,37403,2016
GOLD - COMMODITY EXCHANGE INC.,2016-11-08,088691,CMX ,528203,211670,38033,2016
GOLD - COMMODITY EXCHANGE INC.,2016-11-15,088691,CMX ,479237,178132,43452,2016
GOLD - COMMODITY EXCHANGE INC.,2016-11-22,088691,CMX ,461062,171864,47475,2016
GOLD - COMMODITY EXCHANGE INC.,2016-11-29,088691,CMX ,405661,162086,55145,2016
GOLD - COMMODITY EXCHANGE INC.,2016-12-06,088691,CMX ,393524,150856,68538,2016
GOLD - COMMODITY EXCHANGE INC.,2016-12-13,088691,CMX ,397034,146150,77432,2016
GOLD - COMMODITY EXCHANGE INC.,2016-12-20,088691,CMX ,398661,137588,83783,2016
GOLD - COMMODITY EXCHANGE INC.,2016-12-27,088691,CMX ,401513,130595,87229,2016
GOLD - COMMODITY EXCHANGE INC.,2017-01-03,088691,CMX ,424673,127786,91229,2017
GOLD - COMMODITY EXCHANGE INC.,2017-01-10,088691,CMX ,444001,135563,79884,2017
GOLD - COMMODITY EXCHANGE INC.,2017-01-17,088691,CMX ,467937,141566,82931,2017
GOLD - COMMODITY EXCHANGE INC.,2017-01-24,088691,CMX ,482374,135159,75405,2017
GOLD - COMMODITY EXCHANGE INC.,2017-01-31,088691,CMX ,398433,140663,70826,2017
GOLD - COMMODITY EXCHANGE INC.,2017-02-07,088691,CMX ,415543,142542,72393,2017
GOLD - COMMODITY EXCHANGE INC.,2017-02-14,088691,CMX ,415128,135739,72114,2017
GOLD - COMMODITY EXCHANGE INC.,2017-02-21,088691,CMX ,427168,142639,64597,2017
GOLD - COMMODITY EXCHANGE INC.,2017-02-28,088691,CMX ,446081,166437,52191,2017
GOLD - COMMODITY EXCHANGE INC.,2017-03-07,088691,CMX ,434401,150277,60030,2017
GOLD - COMMODITY EXCHANGE INC.,2017-03-14,088691,CMX ,426170,121179,74805,2017
GOLD - COMMODITY EXCHANGE INC.,2017-03-21,088691,CMX ,446880,130259,74064,2017
GOLD - COMMODITY EXCHANGE INC.,2017-03-28,088691,CMX ,449418,150879,59836,2017
GOLD - COMMODITY EXCHANGE INC.,2017-04-04,088691,CMX ,427808,163428,54302,2017
GOLD - COMMODITY EXCHANGE INC.,2017-04-11,088691,CMX ,456131,179841,46830,2017
GOLD - COMMODITY EXCHANGE INC.,2017-04-18,088691,CMX ,472263,199001,47765,2017
GOLD - COMMODITY EXCHANGE INC.,2017-04-25,088691,CMX ,475985,207394,47014,2017
GOLD - COMMODITY EXCHANGE INC.,2017-05-02,088691,CMX ,461905,195331,51720,2017
GOLD - COMMODITY EXCHANGE INC.,2017-05-09,088691,CMX ,433033,151419,55457,2017
GOLD - COMMODITY EXCHANGE INC.,2017-05-16,088691,CMX ,435021,132094,66226,2017
GOLD - COMMODITY EXCHANGE INC.,2017-05-23,088691,CMX ,462572,161893,50845,2017
GOLD - COMMODITY EXCHANGE INC.,2017-05-30,088691,CMX ,434246,175304,51171,2017
GOLD - COMMODITY EXCHANGE INC.,2017-06-06,088691,CMX ,494041,229476,63427,2017
GOLD - COMMODITY EXCHANGE INC.,2017-06-13,088691,CMX ,471134,214955,67459,2017
GOLD - COMMODITY EXCHANGE INC.,2017-06-20,088691,CMX ,445841,165035,65659,2017
GOLD - COMMODITY EXCHANGE INC.,2017-06-27,088691,CMX ,453144,144515,71860,2017
GOLD - COMMODITY EXCHANGE INC.,2017-07-03,088691,CMX ,457201,129780,96091,2017
GOLD - COMMODITY EXCHANGE INC.,2017-07-11,088691,CMX ,475669,123619,100397,2017
GOLD - COMMODITY EXCHANGE INC.,2017-07-18,088691,CMX ,484204,127028,98115,2017
GOLD - COMMODITY EXCHANGE INC.,2017-07-25,088691,CMX ,463827,136359,62735,2017
GOLD - COMMODITY EXCHANGE INC.,2017-08-01,088691,CMX ,448709,158082,39624,2017
GOLD - COMMODITY EXCHANGE INC.,2017-08-08,088691,CMX ,448727,164828,28843,2017
GOLD - COMMODITY EXCHANGE INC.,2017-08-15,088691,CMX ,477921,195433,18877,2017
GOLD - COMMODITY EXCHANGE INC.,2017-08-22,088691,CMX ,500443,209717,15638,2017
GOLD - COMMODITY EXCHANGE INC.,2017-08-29,088691,CMX ,538875,235065,13939,2017
GOLD - COMMODITY EXCHANGE INC.,2017-09-05,088691,CMX ,566817,251489,14301,2017
GOLD - COMMODITY EXCHANGE INC.,2017-09-12,088691,CMX ,580606,270413,16896,2017
GOLD - COMMODITY EXCHANGE INC.,2017-09-19,088691,CMX ,570096,251735,18353,2017
GOLD - COMMODITY EXCHANGE INC.,2017-09-26,088691,CMX ,549637,219134,23158,2017
GOLD - COMMODITY EXCHANGE INC.,2017-10-03,088691,CMX ,525127,204361,24917,2017
GOLD - COMMODITY EXCHANGE INC.,2017-10-10,088691,CMX ,520005,193154,21824,2017
GOLD - COMMODITY EXCHANGE INC.,2017-10-17,088691,CMX ,528800,196555,27040,2017
GOLD - COMMODITY EXCHANGE INC.,2017-10-24,088691,CMX ,526674,192701,24333,2017
GOLD - COMMODITY EXCHANGE INC.,2017-10-31,088691,CMX ,531918,182652,16687,2017
GOLD - COMMODITY EXCHANGE INC.,2017-11-07,088691,CMX ,536843,187782,17070,2017
GOLD - COMMODITY EXCHANGE INC.,2017-11-14,088691,CMX ,533054,190657,14559,2017
GOLD - COMMODITY EXCHANGE INC.,2017-11-21,088691,CMX ,531612,187292,14137,2017
GOLD - COMMODITY EXCHANGE INC.,2017-11-28,088691,CMX ,503810,208518,9978,2017
GOLD - COMMODITY EXCHANGE INC.,2017-12-05,088691,CMX ,472795,167174,32664,2017
GOLD - COMMODITY EXCHANGE INC.,2017-12-12,088691,CMX ,446618,123139,46913,2017
GOLD - COMMODITY EXCHANGE INC.,2017-12-19,088691,CMX ,453595,116642,35397,2017
GOLD - COMMODITY EXCHANGE INC.,2017-12-26,088691,CMX ,456470,127715,19957,2017
GOLD - COMMODITY EXCHANGE INC.,2018-01-02,088691,CMX ,500731,168423,20249,2018
GOLD - COMMODITY EXCHANGE INC.,2018-01-09,088691,CMX ,555455,216115,20065,2018
GOLD - COMMODITY EXCHANGE INC.,2018-01-16,088691,CMX ,582333,227373,25841,2018
GOLD - COMMODITY EXCHANGE INC.,2018-01-23,088691,CMX ,582421,236003,26467,2018
GOLD - COMMODITY EXCHANGE INC.,2018-01-30,088691,CMX ,559332,230597,23035,2018
GOLD - COMMODITY EXCHANGE INC.,2018-02-06,088691,CMX ,535321,206377,23448,2018
GOLD - COMMODITY EXCHANGE INC.,2018-02-13,088691,CMX ,511745,186183,16426,2018
GOLD - COMMODITY EXCHANGE INC.,2018-02-20,088691,CMX ,528154,190398,14943,2018
GOLD - COMMODITY EXCHANGE INC.,2018-02-27,088691,CMX ,532860,177475,27456,2018
GOLD - COMMODITY EXCHANGE INC.,2018-03-06,088691,CMX ,508100,172492,21786,2018
GOLD - COMMODITY EXCHANGE INC.,2018-03-13,088691,CMX ,526762,162337,26472,2018
GOLD - COMMODITY EXCHANGE INC.,2018-03-20,088691,CMX ,545499,148152,36345,2018
GOLD - COMMODITY EXCHANGE INC.,2018-03-27,088691,CMX ,529690,183080,20917,2018
GOLD - COMMODITY EXCHANGE INC.,2018-04-03,088691,CMX ,493141,155590,28948,2018
GOLD - COMMODITY EXCHANGE INC.,2018-04-10,088691,CMX ,499588,154044,28482,2018
GOLD - COMMODITY EXCHANGE INC.,2018-04-17,088691,CMX ,510229,157925,25287,2018
GOLD - COMMODITY EXCHANGE INC.,2018-04-24,088691,CMX ,506410,143258,43597,2018
GOLD - COMMODITY EXCHANGE INC.,2018-05-01,088691,CMX ,507756,119064,79747,2018
GOLD - COMMODITY EXCHANGE INC.,2018-05-08,088691,CMX ,491398,109508,67869,2018
GOLD - COMMODITY EXCHANGE INC.,2018-05-15,088691,CMX ,519958,103256,84258,2018
GOLD - COMMODITY EXCHANGE INC.,2018-05-22,088691,CMX ,502942,91411,74880,2018
GOLD - COMMODITY EXCHANGE INC.,2018-05-29,088691,CMX ,469382,107882,53881,2018
GOLD - COMMODITY EXCHANGE INC.,2018-06-05,088691,CMX ,450641,100027,49147,2018
GOLD - COMMODITY EXCHANGE INC.,2018-06-12,088691,CMX ,448695,104313,48809,2018
GOLD - COMMODITY EXCHANGE INC.,2018-06-19,088691,CMX ,468345,94297,83769,2018
GOLD - COMMODITY EXCHANGE INC.,2018-06-26,088691,CMX ,468573,94845,94869,2018
GOLD - COMMODITY EXCHANGE INC.,2018-07-03,088691,CMX ,494164,104275,105529,2018
GOLD - COMMODITY EXCHANGE INC.,2018-07-10,088691,CMX ,503593,107402,109929,2018
GOLD - COMMODITY EXCHANGE INC.,2018-07-17,088691,CMX ,528278,107775,134224,2018
GOLD - COMMODITY EXCHANGE INC.,2018-07-24,088691,CMX ,496620,110249,146671,2018
GOLD - COMMODITY EXCHANGE INC.,2018-07-31,088691,CMX ,452655,110580,153108,2018
GOLD - COMMODITY EXCHANGE INC.,2018-08-07,088691,CMX ,459474,105849,171965,2018
GOLD - COMMODITY EXCHANGE INC.,2018-08-14,088691,CMX ,476739,104803,188127,2018
GOLD - COMMODITY EXCHANGE INC.,2018-08-21,088691,CMX ,483730,107143,197171,2018
GOLD - COMMODITY EXCHANGE INC.,2018-08-28,088691,CMX ,479283,105971,181743,2018
GOLD - COMMODITY EXCHANGE INC.,2018-09-04,088691,CMX ,473118,101651,184373,2018
GOLD - COMMODITY EXCHANGE INC.,2018-09-11,088691,CMX ,469450,100593,175812,2018
GOLD - COMMODITY EXCHANGE INC.,2018-09-18,088691,CMX ,469436,97904,180367,2018
GOLD - COMMODITY EXCHANGE INC.,2018-09-25,088691,CMX ,460279,98513,182190,2018
GOLD - COMMODITY EXCHANGE INC.,2018-10-02,088691,CMX ,459776,100671,180274,2018
GOLD - COMMODITY EXCHANGE INC.,2018-10-09,088691,CMX ,465253,82218,191672,2018
GOLD - COMMODITY EXCHANGE INC.,2018-10-16,088691,CMX ,474418,95333,144715,2018
GOLD - COMMODITY EXCHANGE INC.,2018-10-23,088691,CMX ,477832,99368,137484,2018
GOLD - COMMODITY EXCHANGE INC.,2018-10-30,088691,CMX ,474941,80105,135628,2018
GOLD - COMMODITY EXCHANGE INC.,2018-11-06,088691,CMX ,494911,82188,129634,2018
GOLD - COMMODITY EXCHANGE INC.,2018-11-13,088691,CMX ,539520,79529,158723,2018
GOLD - COMMODITY EXCHANGE INC.,2018-11-20,088691,CMX ,525940,84356,136207,2018
GOLD - COMMODITY EXCHANGE INC.,2018-11-27,088691,CMX ,442801,79992,138382,2018
GOLD - COMMODITY EXCHANGE INC.,2018-12-04,088691,CMX ,399919,99414,109201,2018
GOLD - COMMODITY EXCHANGE INC.,2018-12-11,088691,CMX ,402250,89942,90008,2018
GOLD - COMMODITY EXCHANGE INC.,2018-12-18,088691,CMX ,412485,100828,89630,2018
GOLD - COMMODITY EXCHANGE INC.,2018-12-24,088691,CMX ,442727,119146,77178,2018
GOLD - COMMODITY EXCHANGE INC.,2018-12-31,088691,CMX ,451360,121205,71021,2018
GOLD - COMMODITY EXCHANGE INC.,2019-01-08,088691,CMX ,455232,112690,80219,2019
GOLD - COMMODITY EXCHANGE INC.,2019-01-15,088691,CMX ,501605,115651,90716,2019
GOLD - COMMODITY EXCHANGE INC.,2019-01-22,088691,CMX ,513509,105295,89085,2019
GOLD - COMMODITY EXCHANGE INC.,2019-01-29,088691,CMX ,483390,126404,94007,2019
GOLD - COMMODITY EXCHANGE INC.,2019-02-05,088691,CMX ,479736,134954,90079,2019
GOLD - COMMODITY EXCHANGE INC.,2019-02-12,088691,CMX ,476083,132365,89746,2019
GOLD - COMMODITY EXCHANGE INC.,2019-02-19,088691,CMX ,504639,166411,84034,2019
GOLD - COMMODITY EXCHANGE INC.,2019-02-26,088691,CMX ,501268,154217,75658,2019
GOLD - COMMODITY EXCHANGE INC.,2019-03-05,088691,CMX ,471311,125903,94656,2019
GOLD - COMMODITY EXCHANGE INC.,2019-03-12,088691,CMX ,530030,123293,105886,2019
GOLD - COMMODITY EXCHANGE INC.,2019-03-19,088691,CMX ,514163,123909,93434,2019
GOLD - COMMODITY EXCHANGE INC.,2019-03-26,088691,CMX ,509575,135373,77386,2019
GOLD - COMMODITY EXCHANGE INC.,2019-04-02,088691,CMX ,440170,110816,86198,2019
GOLD - COMMODITY EXCHANGE INC.,2019-04-09,088691,CMX ,447539,117917,80880,2019
GOLD - COMMODITY EXCHANGE INC.,2019-04-16,088691,CMX ,440581,96196,111583,2019
GOLD - COMMODITY EXCHANGE INC.,2019-04-23,088691,CMX ,440048,88989,122818,2019
GOLD - COMMODITY EXCHANGE INC.,2019-04-30,088691,CMX ,430011,95159,95083,2019
GOLD - COMMODITY EXCHANGE INC.,2019-05-07,088691,CMX ,450039,102975,93428,2019
GOLD - COMMODITY EXCHANGE INC.,2019-05-14,088691,CMX ,517995,138467,85921,2019
GOLD - COMMODITY EXCHANGE INC.,2019-05-21,088691,CMX ,508643,114986,99049,2019
GOLD - COMMODITY EXCHANGE INC.,2019-05-28,088691,CMX ,505126,119314,93040,2019
GOLD - COMMODITY EXCHANGE INC.,2019-06-04,088691,CMX ,481495,159663,63481,2019
GOLD - COMMODITY EXCHANGE INC.,2019-06-11,088691,CMX ,496663,169640,40480,2019
GOLD - COMMODITY EXCHANGE INC.,2019-06-18,088691,CMX ,525636,191766,41250,2019
GOLD - COMMODITY EXCHANGE INC.,2019-06-25,088691,CMX ,577605,204918,27177,2019
GOLD - COMMODITY EXCHANGE INC.,2019-07-02,088691,CMX ,605949,214186,20099,2019
GOLD - COMMODITY EXCHANGE INC.,2019-07-09,088691,CMX ,598977,208301,25690,2019
GOLD - COMMODITY EXCHANGE INC.,2019-07-16,088691,CMX ,601900,211322,31263,2019
GOLD - COMMODITY EXCHANGE INC.,2019-07-23,088691,CMX ,616859,208153,29980,2019
GOLD - COMMODITY EXCHANGE INC.,2019-07-30,088691,CMX ,563298,215581,29868,2019
GOLD - COMMODITY EXCHANGE INC.,2019-08-06,088691,CMX ,600317,248687,21854,2019
GOLD - COMMODITY EXCHANGE INC.,2019-08-13,088691,CMX ,593962,245631,22020,2019
GOLD - COMMODITY EXCHANGE INC.,2019-08-20,088691,CMX ,594807,249696,19850,2019
GOLD - COMMODITY EXCHANGE INC.,2019-08-27,088691,CMX ,636183,258269,31553,2019
GOLD - COMMODITY EXCHANGE INC.,2019-09-03,088691,CMX ,634358,265175,33549,2019
GOLD - COMMODITY EXCHANGE INC.,2019-09-10,088691,CMX ,614753,239475,33294,2019
GOLD - COMMODITY EXCHANGE INC.,2019-09-17,088691,CMX ,630990,241936,28080,2019
GOLD - COMMODITY EXCHANGE INC.,2019-09-24,088691,CMX ,658944,265508,27637,2019
GOLD - COMMODITY EXCHANGE INC.,2019-10-01,088691,CMX ,604885,219990,29179,2019
GOLD - COMMODITY EXCHANGE INC.,2019-10-08,088691,CMX ,616957,231976,31475,2019
GOLD - COMMODITY EXCHANGE INC.,2019-10-15,088691,CMX ,607387,213987,38200,2019
GOLD - COMMODITY EXCHANGE INC.,2019-10-22,088691,CMX ,625528,218317,33879,2019
GOLD - COMMODITY EXCHANGE INC.,2019-10-29,088691,CMX ,643442,230664,32106,2019
GOLD - COMMODITY EXCHANGE INC.,2019-11-05,088691,CMX ,690181,233167,35920,2019
GOLD - COMMODITY EXCHANGE INC.,2019-11-12,088691,CMX ,708463,209432,33991,2019
GOLD - COMMODITY EXCHANGE INC.,2019-11-19,088691,CMX ,719211,221795,26596,2019
GOLD - COMMODITY EXCHANGE INC.,2019-11-26,088691,CMX ,669268,218724,24437,2019
GOLD - COMMODITY EXCHANGE INC.,2019-12-03,088691,CMX ,701016,232276,24314,2019
GOLD - COMMODITY EXCHANGE INC.,2019-12-10,088691,CMX ,690003,212929,29281,2019
GOLD - COMMODITY EXCHANGE INC.,2019-12-17,088691,CMX ,716987,228616,26895,2019
GOLD - COMMODITY EXCHANGE INC.,2019-12-24,088691,CMX ,748737,245366,26520,2019
GOLD - COMMODITY EXCHANGE INC.,2019-12-31,088691,CMX ,786166,258357,25625,2019
GOLD - COMMODITY EXCHANGE INC.,2020-01-07,088691,CMX ,785857,261083,31326,2020
GOLD - COMMODITY EXCHANGE INC.,2020-01-14,088691,CMX ,796883,262402,31943,2020
GOLD - COMMODITY EXCHANGE INC.,2020-01-21,088691,CMX ,793829,258269,34437,2020
GOLD - COMMODITY EXCHANGE INC.,2020-01-28,088691,CMX ,715539,254259,34321,2020
GOLD - COMMODITY EXCHANGE INC.,2020-02-04,088691,CMX ,654572,223762,42152,2020
GOLD - COMMODITY EXCHANGE INC.,2020-02-11,088691,CMX ,658024,231499,35828,2020
GOLD - COMMODITY EXCHANGE INC.,2020-02-18,088691,CMX ,715317,278286,39740,2020
GOLD - COMMODITY EXCHANGE INC.,2020-02-25,088691,CMX ,732917,263218,32372,2020
GOLD - COMMODITY EXCHANGE INC.,2020-03-03,088691,CMX ,691985,242921,27560,2020
GOLD - COMMODITY EXCHANGE INC.,2020-03-10,088691,CMX ,633470,220642,10457,2020
GOLD - COMMODITY EXCHANGE INC.,2020-03-17,088691,CMX ,573925,164979,10900,2020
GOLD - COMMODITY EXCHANGE INC.,2020-03-24,088691,CMX ,547334,158965,1556,2020
GOLD - COMMODITY EXCHANGE INC.,2020-03-31,088691,CMX ,495652,156820,4222,2020
GOLD - COMMODITY EXCHANGE INC.,2020-04-07,088691,CMX ,480050,157005,4523,2020
GOLD - COMMODITY EXCHANGE INC.,2020-04-14,088691,CMX ,489965,162412,7168,2020
GOLD - COMMODITY EXCHANGE INC.,2020-04-21,088691,CMX ,493158,155492,9221,2020
GOLD - COMMODITY EXCHANGE INC.,2020-04-28,088691,CMX ,500816,154025,7619,2020
GOLD - COMMODITY EXCHANGE INC.,2020-05-05,088691,CMX ,490343,142326,9085,2020
GOLD - COMMODITY EXCHANGE INC.,2020-05-12,088691,CMX ,496739,144015,21798,2020
GOLD - COMMODITY EXCHANGE INC.,2020-05-19,088691,CMX ,528205,153961,26897,2020
GOLD - COMMODITY EXCHANGE INC.,2020-05-26,088691,CMX ,519374,145566,32485,2020
GOLD - COMMODITY EXCHANGE INC.,2020-06-02,088691,CMX ,475745,133655,33300,2020
GOLD - COMMODITY EXCHANGE INC.,2020-06-09,088691,CMX ,475661,126407,35230,2020
GOLD - COMMODITY EXCHANGE INC.,2020-06-16,088691,CMX ,489563,135945,31257,2020
GOLD - COMMODITY EXCHANGE INC.,2020-06-23,088691,CMX ,532101,161593,32078,2020
GOLD - COMMODITY EXCHANGE INC.,2020-06-30,088691,CMX ,561628,173526,34971,2020
GOLD - COMMODITY EXCHANGE INC.,2020-07-07,088691,CMX ,572776,179810,40467,2020
GOLD - COMMODITY EXCHANGE INC.,2020-07-14,088691,CMX ,580175,177400,42427,2020
GOLD - COMMODITY EXCHANGE INC.,2020-07-21,088691,CMX ,603138,181256,40987,2020
GOLD - COMMODITY EXCHANGE INC.,2020-07-28,088691,CMX ,598629,159894,42758,2020
GOLD - COMMODITY EXCHANGE INC.,2020-08-04,088691,CMX ,561837,165357,51885,2020
GOLD - COMMODITY EXCHANGE INC.,2020-08-11,088691,CMX ,553345,155418,57726,2020
GOLD - COMMODITY EXCHANGE INC.,2020-08-18,088691,CMX ,544010,151016,55578,2020
GOLD - COMMODITY EXCHANGE INC.,2020-08-25,088691,CMX ,549282,145055,58206,2020
GOLD - COMMODITY EXCHANGE INC.,2020-09-01,088691,CMX ,547704,147175,49433,2020
GOLD - COMMODITY EXCHANGE INC.,2020-09-08,088691,CMX ,557457,155528,51236,2020
GOLD - COMMODITY EXCHANGE INC.,2020-09-15,088691,CMX ,578925,166571,55473,2020
GOLD - COMMODITY EXCHANGE INC.,2020-09-22,088691,CMX ,575877,144670,63222,2020
GOLD - COMMODITY EXCHANGE INC.,2020-09-29,088691,CMX ,562396,140320,45948,2020
GOLD - COMMODITY EXCHANGE INC.,2020-10-06,088691,CMX ,555555,139350,44738,2020
GOLD - COMMODITY EXCHANGE INC.,2020-10-13,088691,CMX ,553197,138169,56388,2020
GOLD - COMMODITY EXCHANGE INC.,2020-10-20,088691,CMX ,562993,149108,58543,2020
GOLD - COMMODITY EXCHANGE INC.,2020-10-27,088691,CMX ,560900,149140,47265,2020
GOLD - COMMODITY EXCHANGE INC.,2020-11-03,088691,CMX ,544774,140094,49399,2020
GOLD - COMMODITY EXCHANGE INC.,2020-11-10,088691,CMX ,547449,130105,50322,2020
GOLD - COMMODITY EXCHANGE INC.,2020-11-17,088691,CMX ,557533,139550,49103,2020
GOLD - COMMODITY EXCHANGE INC.,2020-11-24,088691,CMX ,555253,137503,52155,2020
GOLD - COMMODITY EXCHANGE INC.,2020-12-01,088691,CMX ,538042,134446,48903,2020
GOLD - COMMODITY EXCHANGE INC.,2020-12-08,088691,CMX ,549520,147844,49033,2020
GOLD - COMMODITY EXCHANGE INC.,2020-12-15,088691,CMX ,550366,151901,50022,2020
GOLD - COMMODITY EXCHANGE INC.,2020-12-21,088691,CMX ,560769,158194,50070,2020
GOLD - COMMODITY EXCHANGE INC.,2020-12-29,088691,CMX ,556414,159673,50678,2020
GOLD - COMMODITY EXCHANGE INC.,2021-01-05,088691,CMX ,568888,167096,50527,2021
GOLD - COMMODITY EXCHANGE INC.,2021-01-12,088691,CMX ,555538,131057,52823,2021
GOLD - COMMODITY EXCHANGE INC.,2021-01-19,088691,CMX ,541330,127161,49090,2021
GOLD - COMMODITY EXCHANGE INC.,2021-01-26,088691,CMX ,534574,142815,46416,2021
GOLD - COMMODITY EXCHANGE INC.,2021-02-02,088691,CMX ,520011,137062,49284,2021
GOLD - COMMODITY EXCHANGE INC.,2021-02-09,088691,CMX ,506741,134733,47093,2021
GOLD - COMMODITY EXCHANGE INC.,2021-02-16,088691,CMX ,503016,125997,58041,2021
GOLD - COMMODITY EXCHANGE INC.,2021-02-23,088691,CMX ,481125,125124,56001,2021
GOLD - COMMODITY EXCHANGE INC.,2021-03-02,088691,CMX ,467008,106608,60648,2021
GOLD - COMMODITY EXCHANGE INC.,2021-03-09,088691,CMX ,473871,96223,66793,2021
GOLD - COMMODITY EXCHANGE INC.,2021-03-16,088691,CMX ,476467,100669,59548,2021
GOLD - COMMODITY EXCHANGE INC.,2021-03-23,088691,CMX ,485457,107941,64420,2021
GOLD - COMMODITY EXCHANGE INC.,2021-03-30,088691,CMX ,467321,113009,69936,2021
GOLD - COMMODITY EXCHANGE INC.,2021-04-06,088691,CMX ,463353,121563,55091,2021
GOLD - COMMODITY EXCHANGE INC.,2021-04-13,088691,CMX ,460733,112070,58263,2021
GOLD - COMMODITY EXCHANGE INC.,2021-04-20,088691,CMX ,471738,116843,60419,2021
GOLD - COMMODITY EXCHANGE INC.,2021-04-27,088691,CMX ,473305,117144,66493,2021
GOLD - COMMODITY EXCHANGE INC.,2021-05-04,088691,CMX ,470341,117434,63809,2021
GOLD - COMMODITY EXCHANGE INC.,2021-05-11,088691,CMX ,498693,131295,49680,2021
GOLD - COMMODITY EXCHANGE INC.,2021-05-18,088691,CMX ,520410,141776,49786,2021
GOLD - COMMODITY EXCHANGE INC.,2021-05-25,088691,CMX ,510164,143862,36607,2021
GOLD - COMMODITY EXCHANGE INC.,2021-06-01,088691,CMX ,489198,147270,37297,2021
GOLD - COMMODITY EXCHANGE INC.,2021-06-08,088691,CMX ,491858,145037,37373,2021
GOLD - COMMODITY EXCHANGE INC.,2021-06-15,088691,CMX ,480127,138546,41754,2021
GOLD - COMMODITY EXCHANGE INC.,2021-06-22,088691,CMX ,453940,110038,47502,2021
GOLD - COMMODITY EXCHANGE INC.,2021-06-29,088691,CMX ,453360,115438,54056,2021
GOLD - COMMODITY EXCHANGE INC.,2021-07-06,088691,CMX ,465811,131218,53258,2021
GOLD - COMMODITY EXCHANGE INC.,2021-07-13,088691,CMX ,495798,135938,49647,2021
GOLD - COMMODITY EXCHANGE INC.,2021-07-20,088691,CMX ,490520,135163,44735,2021
GOLD - COMMODITY EXCHANGE INC.,2021-07-27,088691,CMX ,500187,131635,41405,2021
GOLD - COMMODITY EXCHANGE INC.,2021-08-03,088691,CMX ,485663,132920,43047,2021
GOLD - COMMODITY EXCHANGE INC.,2021-08-10,088691,CMX ,477232,111892,76489,2021
GOLD - COMMODITY EXCHANGE INC.,2021-08-17,088691,CMX ,485485,117272,58194,2021
GOLD - COMMODITY EXCHANGE INC.,2021-08-24,088691,CMX ,504735,126636,51192,2021
GOLD - COMMODITY EXCHANGE INC.,2021-08-31,088691,CMX ,507113,136555,54878,2021
GOLD - COMMODITY EXCHANGE INC.,2021-09-07,088691,CMX ,506772,129044,61449,2021
GOLD - COMMODITY EXCHANGE INC.,2021-09-14,088691,CMX ,506356,130837,59615,2021
GOLD - COMMODITY EXCHANGE INC.,2021-09-21,088691,CMX ,492765,119777,72933,2021
GOLD - COMMODITY EXCHANGE INC.,2021-09-28,088691,CMX ,490858,118923,88062,2021
GOLD - COMMODITY EXCHANGE INC.,2021-10-05,088691,CMX ,483789,126745,72579,2021
GOLD - COMMODITY EXCHANGE INC.,2021-10-12,088691,CMX ,484382,131668,73149,2021
GOLD - COMMODITY EXCHANGE INC.,2021-10-19,088691,CMX ,485974,124560,66761,2021
GOLD - COMMODITY EXCHANGE INC.,2021-10-26,088691,CMX ,509794,141280,54918,2021
GOLD - COMMODITY EXCHANGE INC.,2021-11-02,088691,CMX ,507616,136944,51705,2021
GOLD - COMMODITY EXCHANGE INC.,2021-11-09,088691,CMX ,571025,168133,42523,2021
GOLD - COMMODITY EXCHANGE INC.,2021-11-16,088691,CMX ,612612,185468,43083,2021
GOLD - COMMODITY EXCHANGE INC.,2021-11-23,088691,CMX ,559823,152273,46934,2021
GOLD - COMMODITY EXCHANGE INC.,2021-11-30,088691,CMX ,531868,137469,45384,2021
GOLD - COMMODITY EXCHANGE INC.,2021-12-07,088691,CMX ,499307,125067,44326,2021
GOLD - COMMODITY EXCHANGE INC.,2021-12-14,088691,CMX ,503709,121492,58075,2021
GOLD - COMMODITY EXCHANGE INC.,2021-12-21,088691,CMX ,500846,124120,52372,2021
GOLD - COMMODITY EXCHANGE INC.,2021-12-28,088691,CMX ,508912,130389,46726,2021
GOLD - COMMODITY EXCHANGE INC.,2022-01-04,088691,CMX ,502717,124252,44744,2022
GOLD - COMMODITY EXCHANGE INC.,2022-01-11,088691,CMX ,546516,119297,44987,2022
GOLD - COMMODITY EXCHANGE INC.,2022-01-18,088691,CMX ,539204,119807,48014,2022
GOLD - COMMODITY EXCHANGE INC.,2022-01-25,088691,CMX ,572078,140640,39265,2022
GOLD - COMMODITY EXCHANGE INC.,2022-02-01,088691,CMX ,515331,108309,58395,2022
GOLD - COMMODITY EXCHANGE INC.,2022-02-08,088691,CMX ,512842,117234,47767,2022
GOLD - COMMODITY EXCHANGE INC.,2022-02-15,088691,CMX ,558645,151530,43824,2022
GOLD - COMMODITY EXCHANGE INC.,2022-02-22,088691,CMX ,611488,183356,44380,2022
GOLD - COMMODITY EXCHANGE INC.,2022-03-01,088691,CMX ,615600,187215,38594,2022
GOLD - COMMODITY EXCHANGE INC.,2022-03-08,088691,CMX ,638502,181510,38537,2022
GOLD - COMMODITY EXCHANGE INC.,2022-03-15,088691,CMX ,617605,165597,39060,2022
GOLD - COMMODITY EXCHANGE INC.,2022-03-22,088691,CMX ,605191,152589,37457,2022
GOLD - COMMODITY EXCHANGE INC.,2022-03-29,088691,CMX ,574521,146486,38184,2022
GOLD - COMMODITY EXCHANGE INC.,2022-04-05,088691,CMX ,560666,148320,46693,2022
GOLD - COMMODITY EXCHANGE INC.,2022-04-12,088691,CMX ,577639,165244,48219,2022
GOLD - COMMODITY EXCHANGE INC.,2022-04-19,088691,CMX ,575202,157560,56294,2022
GOLD - COMMODITY EXCHANGE INC.,2022-04-26,088691,CMX ,557785,138215,57098,2022
GOLD - COMMODITY EXCHANGE INC.,2022-05-03,088691,CMX ,560441,128828,60981,2022
GOLD - COMMODITY EXCHANGE INC.,2022-05-10,088691,CMX ,571447,123931,61939,2022
GOLD - COMMODITY EXCHANGE INC.,2022-05-17,088691,CMX ,555756,115572,72212,2022
GOLD - COMMODITY EXCHANGE INC.,2022-05-24,088691,CMX ,530098,121174,60117,2022
GOLD - COMMODITY EXCHANGE INC.,2022-05-31,088691,CMX ,513722,112731,61938,2022
GOLD - COMMODITY EXCHANGE INC.,2022-06-07,088691,CMX ,494130,115215,57684,2022
GOLD - COMMODITY EXCHANGE INC.,2022-06-14,088691,CMX ,497456,109111,72206,2022
GOLD - COMMODITY EXCHANGE INC.,2022-06-21,088691,CMX ,500276,113220,63417,2022
GOLD - COMMODITY EXCHANGE INC.,2022-06-28,088691,CMX ,497005,110850,74748,2022
GOLD - COMMODITY EXCHANGE INC.,2022-07-05,088691,CMX ,498210,103472,86438,2022
GOLD - COMMODITY EXCHANGE INC.,2022-07-12,088691,CMX ,542493,91669,97802,2022
GOLD - COMMODITY EXCHANGE INC.,2022-07-19,088691,CMX ,524786,91056,109794,2022
GOLD - COMMODITY EXCHANGE INC.,2022-07-26,088691,CMX ,487515,92216,111309,2022
GOLD - COMMODITY EXCHANGE INC.,2022-08-02,088691,CMX ,459649,96634,80779,2022
GOLD - COMMODITY EXCHANGE INC.,2022-08-09,088691,CMX ,453540,100013,59279,2022
GOLD - COMMODITY EXCHANGE INC.,2022-08-16,088691,CMX ,453960,96765,60392,2022
GOLD - COMMODITY EXCHANGE INC.,2022-08-23,088691,CMX ,457762,95850,73739,2022
GOLD - COMMODITY EXCHANGE INC.,2022-08-30,088691,CMX ,459165,91761,79973,2022
GOLD - COMMODITY EXCHANGE INC.,2022-09-06,088691,CMX ,465908,85842,92804,2022
GOLD - COMMODITY EXCHANGE INC.,2022-09-13,088691,CMX ,463674,80300,98637,2022
GOLD - COMMODITY EXCHANGE INC.,2022-09-20,088691,CMX ,469395,78544,115239,2022
GOLD - COMMODITY EXCHANGE INC.,2022-09-27,088691,CMX ,457061,74171,117265,2022
GOLD - COMMODITY EXCHANGE INC.,2022-10-04,088691,CMX ,437065,82806,89681,2022
GOLD - COMMODITY EXCHANGE INC.,2022-10-11,088691,CMX ,431395,78365,83945,2022
GOLD - COMMODITY EXCHANGE INC.,2022-10-18,088691,CMX ,434701,73344,99042,2022
GOLD - COMMODITY EXCHANGE INC.,2022-10-25,088691,CMX ,456072,72016,110804,2022
GOLD - COMMODITY EXCHANGE INC.,2022-11-01,088691,CMX ,467276,78213,119614,2022
GOLD - COMMODITY EXCHANGE INC.,2022-11-08,088691,CMX ,488471,88059,104405,2022
GOLD - COMMODITY EXCHANGE INC.,2022-11-15,088691,CMX ,495171,95065,69608,2022
GOLD - COMMODITY EXCHANGE INC.,2022-11-22,088691,CMX ,449542,92161,72730,2022
GOLD - COMMODITY EXCHANGE INC.,2022-11-29,088691,CMX ,433661,88032,73312,2022
GOLD - COMMODITY EXCHANGE INC.,2022-12-06,088691,CMX ,422100,93629,70142,2022
GOLD - COMMODITY EXCHANGE INC.,2022-12-13,088691,CMX ,437040,103737,66288,2022
GOLD - COMMODITY EXCHANGE INC.,2022-12-20,088691,CMX ,436653,104813,65718,2022
GOLD - COMMODITY EXCHANGE INC.,2022-12-27,088691,CMX ,440040,106983,56106,2022
GOLD - COMMODITY EXCHANGE INC.,2023-01-03,088691,CMX ,449393,109140,54559,2023
GOLD - COMMODITY EXCHANGE INC.,2023-01-10,088691,CMX ,481519,116604,54795,2023
GOLD - COMMODITY EXCHANGE INC.,2023-01-17,088691,CMX ,491818,124222,54845,2023
GOLD - COMMODITY EXCHANGE INC.,2023-01-24,088691,CMX ,499927,131501,51622,2023
GOLD - COMMODITY EXCHANGE INC.,2023-01-31,088691,CMX ,471642,138125,53678,2023
GOLD - COMMODITY EXCHANGE INC.,2023-02-07,088691,CMX ,439755,115521,55945,2023
GOLD - COMMODITY EXCHANGE INC.,2023-02-14,088691,CMX ,426116,106106,64933,2023
GOLD - COMMODITY EXCHANGE INC.,2023-02-21,088691,CMX ,422648,104710,68004,2023
GOLD - COMMODITY EXCHANGE INC.,2023-02-28,088691,CMX ,426890,99425,72850,2023
GOLD - COMMODITY EXCHANGE INC.,2023-03-07,088691,CMX ,458474,103439,89040,2023
GOLD - COMMODITY EXCHANGE INC.,2023-03-14,088691,CMX ,459064,118560,58839,2023
GOLD - COMMODITY EXCHANGE INC.,2023-03-21,088691,CMX ,469874,125090,43861,2023
GOLD - COMMODITY EXCHANGE INC.,2023-03-28,088691,CMX ,478611,130530,31370,2023
GOLD - COMMODITY EXCHANGE INC.,2023-04-04,088691,CMX ,476592,142348,32217,2023
GOLD - COMMODITY EXCHANGE INC.,2023-04-11,088691,CMX ,476567,135015,30409,2023
GOLD - COMMODITY EXCHANGE INC.,2023-04-18,088691,CMX ,482254,137170,34474,2023
GOLD - COMMODITY EXCHANGE INC.,2023-04-25,088691,CMX ,473209,135979,33176,2023
GOLD - COMMODITY EXCHANGE INC.,2023-05-02,088691,CMX ,493804,143191,29401,2023
GOLD - COMMODITY EXCHANGE INC.,2023-05-09,088691,CMX ,518951,143463,32477,2023
GOLD - COMMODITY EXCHANGE INC.,2023-05-16,088691,CMX ,521832,139786,35803,2023
GOLD - COMMODITY EXCHANGE INC.,2023-05-23,088691,CMX ,479080,128550,35411,2023
GOLD - COMMODITY EXCHANGE INC.,2023-05-30,088691,CMX ,449515,122904,36201,2023
GOLD - COMMODITY EXCHANGE INC.,2023-06-06,088691,CMX ,436301,120985,27557,2023
GOLD - COMMODITY EXCHANGE INC.,2023-06-13,088691,CMX ,432898,110512,35869,2023
GOLD - COMMODITY EXCHANGE INC.,2023-06-20,088691,CMX ,438037,110314,34275,2023
GOLD - COMMODITY EXCHANGE INC.,2023-06-27,088691,CMX ,431861,108209,38534,2023
GOLD - COMMODITY EXCHANGE INC.,2023-07-03,088691,CMX ,448063,123017,39869,2023
GOLD - COMMODITY EXCHANGE INC.,2023-07-11,088691,CMX ,483170,124394,41951,2023
GOLD - COMMODITY EXCHANGE INC.,2023-07-18,088691,CMX ,482104,147644,32326,2023
GOLD - COMMODITY EXCHANGE INC.,2023-07-25,088691,CMX ,476176,132603,37316,2023
GOLD - COMMODITY EXCHANGE INC.,2023-08-01,088691,CMX ,439383,123802,43793,2023
GOLD - COMMODITY EXCHANGE INC.,2023-08-08,088691,CMX ,427759,114585,55979,2023
GOLD - COMMODITY EXCHANGE INC.,2023-08-15,088691,CMX ,433611,113146,83610,2023
GOLD - COMMODITY EXCHANGE INC.,2023-08-22,088691,CMX ,430239,105085,95976,2023
GOLD - COMMODITY EXCHANGE INC.,2023-08-29,088691,CMX ,442806,120609,81367,2023
GOLD - COMMODITY EXCHANGE INC.,2023-09-05,088691,CMX ,438672,120222,69857,2023
GOLD - COMMODITY EXCHANGE INC.,2023-09-12,088691,CMX ,441221,117737,83166,2023
GOLD - COMMODITY EXCHANGE INC.,2023-09-19,088691,CMX ,438078,121172,73782,2023
GOLD - COMMODITY EXCHANGE INC.,2023-09-26,088691,CMX ,435620,114668,91230,2023
GOLD - COMMODITY EXCHANGE INC.,2023-10-03,088691,CMX ,431226,100500,108061,2023
GOLD - COMMODITY EXCHANGE INC.,2023-10-10,088691,CMX ,436499,93934,120701,2023
GOLD - COMMODITY EXCHANGE INC.,2023-10-17,088691,CMX ,439581,104708,89605,2023
GOLD - COMMODITY EXCHANGE INC.,2023-10-24,088691,CMX ,463476,122456,66708,2023
GOLD - COMMODITY EXCHANGE INC.,2023-10-31,088691,CMX ,475808,140111,65271,2023
GOLD - COMMODITY EXCHANGE INC.,2023-11-07,088691,CMX ,484347,140609,62374,2023
GOLD - COMMODITY EXCHANGE INC.,2023-11-14,088691,CMX ,486634,132924,68609,2023
GOLD - COMMODITY EXCHANGE INC.,2023-11-21,088691,CMX ,508429,144381,65246,2023
GOLD - COMMODITY EXCHANGE INC.,2023-11-28,088691,CMX ,505658,169695,54802,2023
GOLD - COMMODITY EXCHANGE INC.,2023-12-05,088691,CMX ,487469,159907,50520,2023
GOLD - COMMODITY EXCHANGE INC.,2023-12-12,088691,CMX ,469939,149634,54106,2023
GOLD - COMMODITY EXCHANGE INC.,2023-12-19,088691,CMX ,481203,155697,47421,2023
GOLD - COMMODITY EXCHANGE INC.,2023-12-26,088691,CMX ,491343,152801,46347,2023
GOLD - COMMODITY EXCHANGE INC.,2024-01-02,088691,CMX ,500364,154384,45235,2024
GOLD - COMMODITY EXCHANGE INC.,2024-01-09,088691,CMX ,489849,134333,45874,2024
GOLD - COMMODITY EXCHANGE INC.,2024-01-16,088691,CMX ,489334,130931,47702,2024
GOLD - COMMODITY EXCHANGE INC.,2024-01-23,088691,CMX ,465872,111298,50265,2024
GOLD - COMMODITY EXCHANGE INC.,2024-01-30,088691,CMX ,430328,108093,52069,2024
GOLD - COMMODITY EXCHANGE INC.,2024-02-06,088691,CMX ,419121,114316,46247,2024
GOLD - COMMODITY EXCHANGE INC.,2024-02-13,088691,CMX ,420812,100642,66466,2024
GOLD - COMMODITY EXCHANGE INC.,2024-02-20,088691,CMX ,407063,98840,48917,2024
GOLD - COMMODITY EXCHANGE INC.,2024-02-27,088691,CMX ,411195,103885,47732,2024
GOLD - COMMODITY EXCHANGE INC.,2024-03-05,088691,CMX ,471616,145106,35343,2024
GOLD - COMMODITY EXCHANGE INC.,2024-03-12,088691,CMX ,516057,173994,32911,2024
GOLD - COMMODITY EXCHANGE INC.,2024-03-19,088691,CMX ,535047,172588,29692,2024
GOLD - COMMODITY EXCHANGE INC.,2024-03-26,088691,CMX ,503642,163006,27211,2024
GOLD - COMMODITY EXCHANGE INC.,2024-04-02,088691,CMX ,500045,173073,25993,2024
GOLD - COMMODITY EXCHANGE INC.,2024-04-09,088691,CMX ,505214,174617,32885,2024
GOLD - COMMODITY EXCHANGE INC.,2024-04-16,088691,CMX ,517193,169910,35174,2024
GOLD - COMMODITY EXCHANGE INC.,2024-04-23,088691,CMX ,516249,176400,34261,2024
GOLD - COMMODITY EXCHANGE INC.,2024-04-30,088691,CMX ,519791,171853,36826,2024
GOLD - COMMODITY EXCHANGE INC.,2024-05-07,088691,CMX ,529835,164780,38681,2024
GOLD - COMMODITY EXCHANGE INC.,2024-05-14,088691,CMX ,522952,171868,41433,2024
GOLD - COMMODITY EXCHANGE INC.,2024-05-21,088691,CMX ,530591,190605,42082,2024
GOLD - COMMODITY EXCHANGE INC.,2024-05-28,088691,CMX ,485430,174444,25616,2024
GOLD - COMMODITY EXCHANGE INC.,2024-06-04,088691,CMX ,447488,172560,20261,2024
GOLD - COMMODITY EXCHANGE INC.,2024-06-11,088691,CMX ,436857,168424,15459,2024
GOLD - COMMODITY EXCHANGE INC.,2024-06-18,088691,CMX ,444345,177639,17018,2024
GOLD - COMMODITY EXCHANGE INC.,2024-06-25,088691,CMX ,452190,174756,16554,2024
GOLD - COMMODITY EXCHANGE INC.,2024-07-02,088691,CMX ,454730,167688,16873,2024
GOLD - COMMODITY EXCHANGE INC.,2024-07-09,088691,CMX ,516324,181982,24515,2024
GOLD - COMMODITY EXCHANGE INC.,2024-07-16,088691,CMX ,579862,216502,31970,2024
GOLD - COMMODITY EXCHANGE INC.,2024-07-23,088691,CMX ,572306,197802,34942,2024
GOLD - COMMODITY EXCHANGE INC.,2024-07-30,088691,CMX ,510914,185586,33222,2024
GOLD - COMMODITY EXCHANGE INC.,2024-08-06,088691,CMX ,480645,180303,29517,2024
GOLD - COMMODITY EXCHANGE INC.,2024-08-13,088691,CMX ,505872,203844,25929,2024
GOLD - COMMODITY EXCHANGE INC.,2024-08-20,088691,CMX ,532867,222142,28837,2024
GOLD - COMMODITY EXCHANGE INC.,2024-08-27,088691,CMX ,521759,217976,17685,2024
GOLD - COMMODITY EXCHANGE INC.,2024-09-03,088691,CMX ,511136,212086,19996,2024
GOLD - COMMODITY EXCHANGE INC.,2024-09-10,088691,CMX ,511501,213645,23190,2024
GOLD - COMMODITY EXCHANGE INC.,2024-09-17,088691,CMX ,537627,241844,25489,2024
GOLD - COMMODITY EXCHANGE INC.,2024-09-24,088691,CMX ,564640,256435,37406,2024
GOLD - COMMODITY EXCHANGE INC.,2024-10-01,088691,CMX ,533107,247867,33405,2024
GOLD - COMMODITY EXCHANGE INC.,2024-10-08,088691,CMX ,520316,227596,33537,2024
GOLD - COMMODITY EXCHANGE INC.,2024-10-15,088691,CMX ,541232,233871,34450,2024
GOLD - COMMODITY EXCHANGE INC.,2024-10-22,088691,CMX ,573760,242427,37267,2024
GOLD - COMMODITY EXCHANGE INC.,2024-10-29,088691,CMX ,579468,234856,39683,2024
GOLD - COMMODITY EXCHANGE INC.,2024-11-05,088691,CMX ,558034,219687,36684,2024
GOLD - COMMODITY EXCHANGE INC.,2024-11-12,088691,CMX ,535981,203661,38365,2024
GOLD - COMMODITY EXCHANGE INC.,2024-11-19,088691,CMX ,502952,193355,38181,2024
GOLD - COMMODITY EXCHANGE INC.,2024-11-26,088691,CMX ,472660,203596,24306,2024
GOLD - COMMODITY EXCHANGE INC.,2024-12-03,088691,CMX ,462040,203580,22845,2024
GOLD - COMMODITY EXCHANGE INC.,2024-12-10,088691,CMX ,483346,218482,22404,2024
GOLD - COMMODITY EXCHANGE INC.,2024-12-17,088691,CMX ,466571,201880,18378,2024
GOLD - COMMODITY EXCHANGE INC.,2024-12-24,088691,CMX ,454646,186099,20602,2024
GOLD - COMMODITY EXCHANGE INC.,2024-12-31,088691,CMX ,458584,182128,15959,2024
GOLD - COMMODITY EXCHANGE INC.,2025-01-07,088691,CMX ,477043,191873,14232,2025
GOLD - COMMODITY EXCHANGE INC.,2025-01-14,088691,CMX ,526467,206968,11346,2025
GOLD - COMMODITY EXCHANGE INC.,2025-01-21,088691,CMX ,571387,226964,11095,2025
GOLD - COMMODITY EXCHANGE INC.,2025-01-28,088691,CMX ,577505,227871,17331,2025
GOLD - COMMODITY EXCHANGE INC.,2025-02-04,088691,CMX ,542004,240485,30952,2025
GOLD - COMMODITY EXCHANGE INC.,2025-02-11,088691,CMX ,528719,229071,34268,2025
GOLD - COMMODITY EXCHANGE INC.,2025-02-18,088691,CMX ,522330,222538,37209,2025
GOLD - COMMODITY EXCHANGE INC.,2025-02-25,088691,CMX ,512179,212694,32882,2025
GOLD - COMMODITY EXCHANGE INC.,2025-03-04,088691,CMX ,489270,204965,38307,2025
GOLD - COMMODITY EXCHANGE INC.,2025-03-11,088691,CMX ,511276,204907,37331,2025
GOLD - COMMODITY EXCHANGE INC.,2025-03-18,088691,CMX ,533566,220879,37045,2025
GOLD - COMMODITY EXCHANGE INC.,2025-03-25,088691,CMX ,511482,213505,38773,2025
GOLD - COMMODITY EXCHANGE INC.,2025-04-01,088691,CMX ,498746,204833,62834,2025
GOLD - COMMODITY EXCHANGE INC.,2025-04-08,088691,CMX ,445468,175393,44407,2025
GOLD - COMMODITY EXCHANGE INC.,2025-04-15,088691,CMX ,456628,168400,43546,2025
GOLD - COMMODITY EXCHANGE INC.,2025-04-22,088691,CMX ,465351,166360,45458,2025
GOLD - COMMODITY EXCHANGE INC.,2025-04-29,088691,CMX ,451868,150715,44820,2025
GOLD - COMMODITY EXCHANGE INC.,2025-05-06,088691,CMX ,452414,144383,42292,2025
GOLD - COMMODITY EXCHANGE INC.,2025-05-13,088691,CMX ,440842,144410,43183,2025
GOLD - COMMODITY EXCHANGE INC.,2025-05-20,088691,CMX ,448000,149149,41520,2025
GOLD - COMMODITY EXCHANGE INC.,2025-05-27,088691,CMX ,437538,147502,36686,2025
GOLD - COMMODITY EXCHANGE INC.,2025-06-03,088691,CMX ,415941,159966,36384,2025
GOLD - COMMODITY EXCHANGE INC.,2025-06-10,088691,CMX ,417143,160680,36589,2025
GOLD - COMMODITY EXCHANGE INC.,2025-06-17,088691,CMX ,441214,167646,37135,2025
GOLD - COMMODITY EXCHANGE INC.,2025-06-24,088691,CMX ,434958,163829,38701,2025
GOLD - COMMODITY EXCHANGE INC.,2025-07-01,088691,CMX ,437662,165086,34726,2025
GOLD - COMMODITY EXCHANGE INC.,2025-07-08,088691,CMX ,443144,164685,35743,2025
GOLD - COMMODITY EXCHANGE INC.,2025-07-15,088691,CMX ,448531,172657,35930,2025
GOLD - COMMODITY EXCHANGE INC.,2025-07-22,088691,CMX ,489423,194753,34819,2025
GOLD - COMMODITY EXCHANGE INC.,2025-07-29,088691,CMX ,445259,170918,36662,2025
GOLD - COMMODITY EXCHANGE INC.,2025-08-05,088691,CMX ,449647,186304,32317,2025
GOLD - COMMODITY EXCHANGE INC.,2025-08-12,088691,CMX ,446152,182337,34050,2025
GOLD - COMMODITY EXCHANGE INC.,2025-08-19,088691,CMX ,438541,173388,36003,2025
GOLD - COMMODITY EXCHANGE INC.,2025-08-26,088691,CMX ,443760,175494,33577,2025
GOLD - COMMODITY EXCHANGE INC.,2025-09-02,088691,CMX ,492908,196127,34625,2025
GOLD - COMMODITY EXCHANGE INC.,2025-09-09,088691,CMX ,509625,198907,35388,2025
GOLD - COMMODITY EXCHANGE INC.,2025-09-16,088691,CMX ,516221,195347,36376,2025
GOLD - COMMODITY EXCHANGE INC.,2025-09-23,088691,CMX ,528789,198826,38277,2025
GOLD - COMMODITY EXCHANGE INC.,2025-09-30,088691,CMX ,493748,184199,38972,2025
GOLD - COMMODITY EXCHANGE INC.,2025-10-07,088691,CMX ,485559,170587,40828,2025
GOLD - COMMODITY EXCHANGE INC.,2025-10-14,088691,CMX ,485788,152187,43877,2025
GOLD - COMMODITY EXCHANGE INC.,2025-10-21,088691,CMX ,472421,135503,43276,2025
GOLD - COMMODITY EXCHANGE INC.,2025-10-28,088691,CMX ,457122,138605,34446,2025
GOLD - COMMODITY EXCHANGE INC.,2025-11-04,088691,CMX ,450399,130688,30143,2025
GOLD - COMMODITY EXCHANGE INC.,2025-11-10,088691,CMX ,459997,134155,30068,2025
GOLD - COMMODITY EXCHANGE INC.,2025-11-18,088691,CMX ,471953,130222,32017,2025
GOLD - COMMODITY EXCHANGE INC.,2025-11-25,088691,CMX ,432946,136979,27670,2025
GOLD - COMMODITY EXCHANGE INC.,2025-12-02,088691,CMX ,418490,140143,19819,2025
GOLD - COMMODITY EXCHANGE INC.,2025-12-09,088691,CMX ,432569,143383,19835,2025
GOLD - COMMODITY EXCHANGE INC.,2025-12-16,088691,CMX ,471093,152873,20277,2025
GOLD - COMMODITY EXCHANGE INC.,2025-12-23,088691,CMX ,492103,160581,24311,2025
GOLD - COMMODITY EXCHANGE INC.,2025-12-30,088691,CMX ,481866,148642,22602,2025
